class_id,class_name,precision,recall,f1_score,support
0,Bored,1.0,0.8,0.8888888888888888,5
1,Confident,0.846875,0.8630573248407644,0.8548895899053628,314
2,Confused,0.7093023255813954,0.8591549295774648,0.7770700636942676,71
3,Curious,0.7817258883248731,0.77,0.7758186397984886,200
4,Frustrated,0.9078947368421053,0.8598130841121495,0.8832,321
